{"cameraMode":{"drawMode":0,"name":"Shaded","section":"Shading Mode"},"sceneLighting":false,"audioPlay":false,"sceneViewState":{"showFog":true,"showMaterialUpdate":false,"showSkybox":false,"showFlares":true,"showImageEffects":true,"showParticleSystems":true},"in2DMode":false,"pivot":{"x":0.14593887329101563,"y":2.264531373977661,"z":3.7302942276000978},"rotation":{"x":0.04051024094223976,"y":0.9577375054359436,"z":-0.16893334686756135,"w":0.2294788807630539},"size":0.6062178015708923,"orthographic":false}