{"cameraMode":{"drawMode":0,"name":"Shaded","section":"Shading Mode"},"sceneLighting":true,"audioPlay":false,"sceneViewState":{"showFog":true,"showMaterialUpdate":false,"showSkybox":false,"showFlares":true,"showImageEffects":true,"showParticleSystems":true},"in2DMode":false,"pivot":{"x":2.1523492336273195,"y":-72.40798950195313,"z":71.23432159423828},"rotation":{"x":0.389055460691452,"y":-0.007727481424808502,"z":0.0032477728091180326,"w":0.9212287068367004},"size":57.43073272705078,"orthographic":false}