{"cameraMode":{"drawMode":0,"name":"Shaded","section":"Shading Mode"},"sceneLighting":true,"audioPlay":false,"sceneViewState":{"showFog":true,"showMaterialUpdate":false,"showSkybox":false,"showFlares":true,"showImageEffects":true,"showParticleSystems":true},"in2DMode":false,"pivot":{"x":-32.018550872802737,"y":-7.621158123016357,"z":-100.09822082519531},"rotation":{"x":-0.005675616208463907,"y":0.9896635413169861,"z":-0.040697161108255389,"w":-0.13777242600917817},"size":57.43073272705078,"orthographic":false}