{"cameraMode":{"drawMode":0,"name":"Shaded","section":"Shading Mode"},"sceneLighting":false,"audioPlay":false,"sceneViewState":{"showFog":true,"showMaterialUpdate":false,"showSkybox":false,"showFlares":true,"showImageEffects":true,"showParticleSystems":true},"in2DMode":false,"pivot":{"x":-7.612345218658447,"y":2.8205318450927736,"z":2.076697826385498},"rotation":{"x":0.024150636047124864,"y":0.9365720748901367,"z":-0.3435743451118469,"w":0.06583165377378464},"size":24.39457130432129,"orthographic":false}