{"cameraMode":{"drawMode":0,"name":"Shaded","section":"Shading Mode"},"sceneLighting":true,"audioPlay":false,"sceneViewState":{"showFog":true,"showMaterialUpdate":false,"showSkybox":false,"showFlares":true,"showImageEffects":true,"showParticleSystems":true},"in2DMode":false,"pivot":{"x":-5.542878150939941,"y":7.795676231384277,"z":0.6568539142608643},"rotation":{"x":-0.6231037378311157,"y":0.048240821808576587,"z":-0.03844344988465309,"w":-0.7799044251441956},"size":16.927366256713868,"orthographic":false}