{"cameraMode":{"drawMode":0,"name":"Shaded","section":"Shading Mode"},"sceneLighting":false,"audioPlay":false,"sceneViewState":{"showFog":true,"showMaterialUpdate":false,"showSkybox":false,"showFlares":true,"showImageEffects":true,"showParticleSystems":true},"in2DMode":false,"pivot":{"x":0.6844498515129089,"y":0.2695555090904236,"z":-0.5220391750335693},"rotation":{"x":-0.021597368642687799,"y":0.017966629937291147,"z":-0.00042641497566364706,"w":-0.9996610879898071},"size":1.4660253524780274,"orthographic":false}