{"cameraMode":{"drawMode":0,"name":"Shaded","section":"Shading Mode"},"sceneLighting":false,"audioPlay":false,"sceneViewState":{"showFog":true,"showMaterialUpdate":false,"showSkybox":false,"showFlares":true,"showImageEffects":true,"showParticleSystems":true},"in2DMode":false,"pivot":{"x":-5.198512077331543,"y":6.901407718658447,"z":-2.7184693813323976},"rotation":{"x":0.25802871584892275,"y":0.5698451399803162,"z":-0.19461120665073396,"w":0.7555359601974487},"size":4.095062732696533,"orthographic":false}