{"cameraMode":{"drawMode":0,"name":"Shaded","section":"Shading Mode"},"sceneLighting":false,"audioPlay":false,"sceneViewState":{"showFog":true,"showMaterialUpdate":false,"showSkybox":false,"showFlares":true,"showImageEffects":true,"showParticleSystems":true},"in2DMode":false,"pivot":{"x":2.5992531776428224,"y":-1.030839204788208,"z":0.6790772080421448},"rotation":{"x":-0.005082399118691683,"y":-0.8366996645927429,"z":0.5477010607719421,"w":-0.007753579877316952},"size":6.538348197937012,"orthographic":false}