{"cameraMode":{"drawMode":0,"name":"Shaded","section":"Shading Mode"},"sceneLighting":false,"audioPlay":false,"sceneViewState":{"showFog":true,"showMaterialUpdate":false,"showSkybox":false,"showFlares":true,"showImageEffects":true,"showParticleSystems":true},"in2DMode":false,"pivot":{"x":11.54981517791748,"y":-5.640347003936768,"z":2.5242960453033449},"rotation":{"x":-0.17078709602355958,"y":-0.7088992595672607,"z":0.18365606665611268,"w":-0.6592193841934204},"size":10.0,"orthographic":false}