{"cameraMode":{"drawMode":0,"name":"Shaded","section":"Shading Mode"},"sceneLighting":true,"audioPlay":false,"sceneViewState":{"showFog":true,"showMaterialUpdate":false,"showSkybox":false,"showFlares":true,"showImageEffects":true,"showParticleSystems":true},"in2DMode":false,"pivot":{"x":5.916208744049072,"y":3.62429141998291,"z":-9.004868507385254},"rotation":{"x":-0.05940324813127518,"y":0.1948646605014801,"z":-0.011813858523964882,"w":-0.9790124297142029},"size":0.000017320508050033823,"orthographic":false}