{"cameraMode":{"drawMode":0,"name":"Shaded","section":"Shading Mode"},"sceneLighting":false,"audioPlay":false,"sceneViewState":{"showFog":true,"showMaterialUpdate":false,"showSkybox":false,"showFlares":true,"showImageEffects":true,"showParticleSystems":true},"in2DMode":false,"pivot":{"x":-0.14422495663166047,"y":-3.0713446140289308,"z":3.7194912433624269},"rotation":{"x":-0.3631075322628021,"y":-0.43922844529151919,"z":0.2001117318868637,"w":-0.796989917755127},"size":6.972345352172852,"orthographic":false}