{"cameraMode":{"drawMode":0,"name":"Shaded","section":"Shading Mode"},"sceneLighting":true,"audioPlay":false,"sceneViewState":{"showFog":true,"showMaterialUpdate":false,"showSkybox":false,"showFlares":true,"showImageEffects":true,"showParticleSystems":true},"in2DMode":false,"pivot":{"x":-1.7732436656951905,"y":2.0554981231689455,"z":-7.094215393066406},"rotation":{"x":0.17706584930419923,"y":-0.5957540273666382,"z":0.13672056794166566,"w":0.7714824676513672},"size":1.7320507764816285,"orthographic":false}