{"cameraMode":{"drawMode":0,"name":"Shaded","section":"Shading Mode"},"sceneLighting":false,"audioPlay":false,"sceneViewState":{"showFog":true,"showMaterialUpdate":false,"showSkybox":false,"showFlares":true,"showImageEffects":true,"showParticleSystems":true},"in2DMode":false,"pivot":{"x":-5.617771148681641,"y":3.492271900177002,"z":-1.2262532711029053},"rotation":{"x":0.14261770248413087,"y":0.6973716616630554,"z":-0.14472344517707826,"w":0.6873793005943298},"size":0.5196152925491333,"orthographic":false}